source,date_or_type,observed_custom,lexical_usage,translation_or_gloss,semantic_abstraction,causal_or_ritual_interpretation,lovejoy_verdict,proposition_licensed,status
W. J. McGee,late-19c US Bureau ethnography,HIGH,HIGH,PARTIAL,MEDIUM,NA,"Lovejoy calls information on wakonda very clear and trustworthy but says McGee does not distinguish essential meaning from secondary connotations","Broad distribution/application of wakonda and association with unusual power; not final semantic essence",confirmed_primary_1906_p363
Alice C. Fletcher,late-19c specialist Omaha ethnography,HIGH,HIGH,HIGH_for_common_life_transferability,HIGH_but_not_final,PARTIAL,"Valuable source; common life and communicability strongly support abstraction; will-power specialization treated as too narrow/misleading","Common transferable life/efficacy can be established without reducing category to personal volition",confirmed_primary_1906_p364ff
M. V. P. Histoire de la tribu des Osages,1827 early account based on Osage informants,HIGH_for_external_facts,MEDIUM,LOW_personal_deity_gloss,LOW_without_later_controls,LOW_observer_prayer_interpretation,"Honest/careful and trustworthy for external facts of custom; translations and interpretations require correction by later specialists","External morphology and historical ritual fact yes; native ontology/deity translation and mechanism no",confirmed_primary_exact_wording_recheck_before_quote
Roger Williams A Key into the Languages of America,1643 missionary/colonial linguistic witness,MEDIUM,HIGH_for_attested_application,LOW_god_gloss,LOW_by_itself,LOW_by_itself,"Superficial/unsympathetic observer can preserve concrete lexical application while theological gloss is stripped away","Historical concrete use of Manitou for unusual excellence/power; not personal-deity ontology or universal-force abstraction",confirmed_primary_1906_Algonkin_sequence
Early Jesuit oki report,17c missionary witness,MEDIUM,HIGH_for_concrete_application,LOW_personal_spirit_gloss,LOW_by_itself,LOW_by_itself,"Useful for concrete application to extraordinary persons/spirits; Lovejoy explicitly says such evidence does not establish abstract pervasive property","Oki applied to unusual power/capacity; abstract universal category remains unproved",confirmed_primary_1906_p370
Bressani Breve Relatione,1653 missionary report via Jesuit Relations,HIGH_for_reported_concrete_case,HIGH_for_oki_application,LOW_if_read_as_personal_spirit,LOW_by_itself,MEDIUM_for_object_efficacy,"Hard-to-kill animal and anomalous object called oki with forza e vigore retained; grouped with early sources whose proof ceiling is concrete application","Concrete object/power application and efficacy association; not abstract-force category",confirmed_primary_1906_p370
W. Jones The Algonkin Manitou,1905 specialist field/linguistic study,HIGH,HIGH,PENDING_FULL_COLLATION,HIGH_candidate,PENDING_FULL_COLLATION,"Introduced as important exposition based on special study immediately after Lovejoy says older sources cannot prove abstract category","Higher-resolution evidence recruited at transition from concrete application to abstract semantic claim; exact proposition set pending continuation",confirmed_introduction_full_semantic_audit_pending
Codrington The Melanesians,1891 specialist missionary-ethnographic linguistic source; also present in 005,PRESENT_IN_005,PRESENT_IN_005_and_1906_expected,PENDING_BATCH77_CONTINUATION,PENDING_BATCH77_CONTINUATION,PENDING_BATCH77_CONTINUATION,"Shared 005/1906 source family; exact 1906 citation-function partition not localized in this batch","No stronger source-function claim yet",pending_Oceania_audit
Duff MacDonald Africana / African authorities,19c missionary-ethnographic sources; present in 005,PRESENT_IN_005,PENDING_1906_AUDIT,PENDING_1906_AUDIT,PENDING_1906_AUDIT,PENDING_1906_AUDIT,"005 uses MacDonald to test African divine hierarchy; 1906 Bantu/ngai source packet requires exact source-function audit","No direct 1906 proposition assigned in this batch",pending_Africa_audit
