control_id,date_or_window,evidence,source_type,status,implication_for_Lovejoy,caution
B139-01,1891-1892,"Harvard University Archives biography states Irving Babbitt left Montana after two years to pursue postgraduate studies in Pali literature and Buddhist traditions at the Écoles des Hautes-Études in Paris.","authoritative Harvard archival finding aid, HUG 1185","secure","A Harvard scholar immediately preceding Lovejoy had already followed the exact Harvard/US -> Paris EPHE -> Pali/Buddhist trajectory Lovejoy later reportedly expected.","HOLLIS biography does not itself name Sylvain Lévi as Babbitt's teacher."
B139-02,1891-1892,"A Presses de l'Inalco scholarly chapter states that Babbitt spent a year at EPHE under Sylvain Lévi studying Pali and Sanskrit.","scholarly institutional history","strong secondary","Supplies the missing teacher edge Babbitt -> Lévi and makes Babbitt a concrete US/Harvard carrier of knowledge about Lévi's Pali teaching.","Until a contemporary enrollment/course record or Babbitt note is recovered, keep the teacher edge as scholarly reconstruction rather than a directly inspected primary component."
B139-03,1893-1894,"Babbitt returned to the US, earned Harvard A.M. in 1893 in classical literature and ancient Eastern languages, taught at Williams, then returned to Harvard in 1894 as Instructor of French.","Harvard archival finding aid","secure","Babbitt was resident on Harvard faculty by the time Lovejoy entered Harvard graduate study in 1895.","Institutional co-presence does not establish acquaintance or advice."
B139-04,1895-1896,"Harvard Crimson elective announcement identifies Irving Babbitt as Instructor in French and says he would conduct French A in the coming year.","contemporary Harvard newspaper","secure","Hard contemporary confirmation of Babbitt's active teaching presence during Lovejoy's Harvard period.","No evidence Lovejoy enrolled in French A."
B139-05,29 Apr 1896,"Lanman's first of three Harvard public lectures on Buddhism explicitly covered relation to Sankhya/Vedanta, northern/southern literature, Sanskrit/Pali, Tipitaka, Pali Text Society, and Siamese edition.","contemporary Harvard Crimson abstract from Lanman's printed outline","secure","Lovejoy's Harvard environment already publicly taught the exact Sanskrit/Pali/Buddhist/Sankhya distinctions that later frame his 004/JAOS/Paris work.","No evidence yet Lovejoy attended the lecture series; environment/control only."
B139-06,1896,"Henry Clarke Warren's Buddhism in Translations appeared as Harvard Oriental Series III, edited by Lanman, translated from original Pali, and dedicated to Lanman as Warren's friend and teacher.","primary 1896 Harvard publication","secure","Shows an active Harvard Pali-Buddhist translation production network contemporaneous with Lovejoy's training, not just one lecturer's private expertise.","No direct evidence yet Lovejoy read Warren's volume; source-overlap search should be separate."
B139-07,pre-1893 materials,"HUG 1185 contains Student Materials, 1881-1893; old call HUG 1185.4 'Notes, graduate study'; and old HUG 1185.8 'Manuscript of Dhammapada' moved to Writings/Lectures.","Harvard archival finding aid","secure archival target","Babbitt's own pre-Harvard-return student papers may preserve the Paris/EPHE/Pali layer and could eventually test exactly what he carried back to Harvard.","HOLLIS reports Digital content = 0 and donor permission required; not an immediate electronic scan target."
B139-08,1895-1898,"Babbitt and Lovejoy were simultaneously at Harvard during Lovejoy's graduate period, while Babbitt had recently returned from Pali/Buddhist study in Paris under the Lévi network.","composite institutional chronology","network topology secure; interpersonal edge unproved","For the first time there is a concrete resident Harvard person who could in principle have transmitted a recommendation/reputation of Lévi's Pali teaching to Lovejoy.","Do not say Babbitt advised Lovejoy, that they met, or that Lovejoy learned of Lévi from him without correspondence/course/advising evidence."
B139-09,later publication,"Babbitt's posthumous Dhammapada translation was explicitly translated from Pali; Harvard archive preserves its manuscript predecessor.","bibliographic + archival","secure as long-term Pali continuity","Confirms Babbitt's Paris Pali interest was durable rather than a biographical footnote.","Later publication does not show what Babbitt said to Lovejoy in the 1890s."
