record_id,event_year,source_publication_year,subject,primary_source,evidence_grade,documented_finding,evidence_limit
B186-01,1897,1899,South Asian Pali editorial and printing labor,https://archive.org/stream/orientalischebibliographie12.1898/Orientalische%20Bibliographie%2012.1898_djvu.txt,A_contemporary_bibliographic_record,"Entry 1495 names Dharmārāma Sthavira and the Pāliyagoda printers D. L. Rūpāsiṃha and M. I. Perera in connection with a Pali commentary installment.",Does not establish that Lovejoy consulted this edition.
B186-02,1898,1898,Lovejoy Buddhist technical-term research,https://www.jstor.org/stable/592475,A_direct_primary_publication,"Lovejoy analyzes upādāna and upādisesa and cites the Milinda Pañha.",Does not identify all contemporary readers.
B186-03,1899,1899,International indexing of Lovejoy Buddhist article,https://archive.org/stream/orientalischebibliographie12.1898/Orientalische%20Bibliographie%2012.1898_djvu.txt,A_direct_contemporary_bibliographic_entry,"Entry 1492 lists Lovejoy's 1898 Journal of the American Oriental Society article under Pali and Prakrit.",Indexing establishes discoverability rather than intellectual uptake by a named scholar.
B186-04,1899,1899,American Oriental Society and Bavarian bibliographic support,https://archive.org/stream/orientalischebibliographie12.1898/Orientalische%20Bibliographie%2012.1898_djvu.txt,A_direct_contemporary_preface,"Scherman reports spring 1899 subsidies from the Royal Bavarian Academy and the American Oriental Society.",Institutional support does not show that the Society selected Lovejoy's entry.
B186-05,1899,1899,Lanman role in transatlantic bibliographic infrastructure,https://archive.org/stream/orientalischebibliographie12.1898/Orientalische%20Bibliographie%2012.1898_djvu.txt,A_direct_contemporary_preface,"Scherman thanks Charles R. Lanman together with E. Kuhn and A. V. W. Jackson for their initiative.",Does not establish that Lanman nominated or arranged Lovejoy's inclusion.
B186-06,1899,1899,Lanman and Lévi in the same contemporary specialist index,https://archive.org/stream/orientalischebibliographie12.1898/Orientalische%20Bibliographie%2012.1898_djvu.txt,A_direct_contemporary_bibliographic_entries,"Entries 1418 and 1419 consecutively identify works by Lanman and Sylvain Lévi.",Shared indexing is not proof of interpersonal contact or transmission.
B186-07,1902,1902,Specht Chinese Milindapañha course,https://www.persee.fr/doc/ephe_0000-0001_1903_num_1_1_2409,A_direct_institutional_report,"Specht teaches the Chinese recension of the Milindapañha in the EPHE Sanskrit-chair environment.",The report does not name Lovejoy as an attendee.
B186-08,1902,1902,La Vallée Poussin as named attendee in Paris Buddhist text instruction,https://www.persee.fr/doc/ephe_0000-0001_1903_num_1_1_2409,A_direct_institutional_attendee_list,"La Vallée Poussin appears by name in Specht's Chinese Milindapañha instruction and Foucher's Sanskrit conference.",Does not document a personal connection to Lovejoy or reception of Lovejoy's article.
B186-09,1904,1904,Pandit Ganapati Śāstrī as Sanskrit author and educational producer,https://www.persee.fr/doc/ephe_0000-0001_1905_num_1_1_2518,A_direct_institutional_report,"The Travancore scholar authors a Sanskrit reader intended for Indian schools and European instruction; printing has begun under Lévi's supervision.",No direct Lovejoy connection has been established.
B186-10,1904,1904,Paramārtha and comparative Sanskrit-Chinese Indian philosophy,https://www.persee.fr/doc/ephe_0000-0001_1905_num_1_1_2518,A_direct_institutional_report,"Lévi compares a Chinese translation attributed to Paramārtha with the Sanskrit Sāṃkhya-kārikā.",Postdates Lovejoy's Paris residence and does not establish his attendance.
B186-11,1904,1904,Documented Pali competence and Kashgar Dhammapada in Paris,https://www.persee.fr/doc/ephe_0000-0001_1905_num_1_1_2518,A_direct_institutional_report,"Cuny is described as having learned Sanskrit and Pali and intending to study the Kashgar Dhammapada.",Does not prove a formally advertised 1898–99 Pali course or Lovejoy participation.
B186-12,1904,1904,Specht Chinese Buddhist doctrinal teaching,https://www.persee.fr/doc/ephe_0000-0001_1905_num_1_1_2518,A_direct_institutional_report,"Specht uses a Chinese Buddhist Amṛtaśāstra and teaches rebirth, action, aggregates, conditioned formations, and causal links.",Shared concepts with Lovejoy establish subject-matter overlap only.
B186-13,1904,1904,Chinese Buddhist canon instruction in Paris,https://www.persee.fr/doc/ephe_0000-0001_1905_num_1_1_2518,A_direct_institutional_report,"Specht's additional conference reads works from the Chinese Buddhist canon.",The institutional report does not document Lovejoy's attendance or use.
B186-14,1898,1898,Exact-year Paris Chinese Buddhist course announcement,https://www.persee.fr/doc/ephe_0000-0001_1899_num_1_1_2222,A_direct_contemporary_course_programme,"The official 1898–99 EPHE programme schedules Specht's Fo-tsou-tong-ki course on the history of Buddhism in China for Mondays at 3:15 p.m.",A scheduled course does not establish Lovejoy's attendance or knowledge of Chinese.
B186-15,1899,1899,Exact-year Paris Chinese Buddhist course actually delivered,https://www.persee.fr/doc/ephe_0000-0001_1900_num_1_1_2251,A_direct_contemporary_retrospective_report,"The Sanskrit-chair report confirms that Specht continued a weekly Sanskrit–Chinese conference and explained Fo-tsou-tong-ki chapters on Buddhist history during 1898–99.",No attendance list connecting Lovejoy to the conference has been recovered.
B186-16,1898,1898,Asaṅga-related Nepal Buddhist manuscript,https://www.persee.fr/doc/crai_0065-0536_1898_num_42_2_71154,A_direct_contemporary_academy_report,"A contemporary Académie notice identifies an Asaṅga-attributed Sūtrālaṃkāra manuscript acquired during Lévi's Nepal research.",This manuscript is not identical to Huber's Aśvaghoṣa-related project.
B186-17,1903,1903,Distinct Aśvaghoṣa-related Buddhist translation project,https://www.persee.fr/doc/ephe_0000-0001_1904_num_1_1_2463,A_direct_contemporary_report_and_dated_letter,"The 1903 EPHE report identifies Huber's completed Sūtrālaṃkāra translation; Lévi's letter of 1 October 1903 independently identifies its author attribution as Aśvaghoṣa.",The similar title must not be conflated with the distinct Asaṅga-related Nepal manuscript.
B186-18,1900,1902,Lovejoy American Oriental Society membership extended to December 1900,https://www.jstor.org/stable/592505,A_direct_contemporary_dated_corporate_member_roll,"A corporate-member list expressly revised December 1900 retains Arthur Oncken Lovejoy and gives his year of election as 1897.",The roll's 1900 revision does not prove continued membership when its containing index was issued in April 1902.
B186-19,1900,1902,American Oriental Society record of Lovejoy Paris correspondence address,https://www.jstor.org/stable/592505,A_direct_contemporary_dated_corporate_member_roll,"The December 1900 member roll records Lovejoy's institutional correspondence address as 5 Rue Rollin in Paris.",The address may be administratively stale and does not establish physical residence in Paris during 1900 or 1902.
B186-20,1903,1903,Upper bound on Lovejoy American Oriental Society membership,https://www.jstor.org/stable/592370,A_direct_contemporary_alphabetized_member_roll,"The roll revised January 1903 passes from Jacob W. Loch to Percival Lowell without listing Lovejoy.",His exact departure date and reason remain unproved; the corrected exit interval runs after December 1901 and before January 1903.
B186-21,1901,1901,Lovejoy American Oriental Society membership extended to December 1901,https://www.jstor.org/stable/592404,A_direct_contemporary_dated_corporate_member_roll,"A corporate-member list expressly revised December 1901 retains Arthur Oncken Lovejoy and again gives his 1897 election year.",The 1901 volume label must not be mistaken for a separately established physical issue date.
B186-22,1901,1901,American Oriental Society reports no current Lovejoy mailing address,https://www.jstor.org/stable/592404,A_direct_contemporary_dated_corporate_member_roll,"The December 1901 roster replaces Lovejoy's prior Paris address with the explicit notation [address desired.].",The notation establishes missing correspondence information but does not establish resignation or nonpayment.
B186-23,1897,1897,Albert J Edmunds and Lovejoy share American Oriental Society membership,https://www.jstor.org/stable/592296,A_direct_contemporary_corporate_member_roll,"The same AOS member roll identifies Albert J. Edmunds at the Historical Society of Pennsylvania and Arthur Oncken Lovejoy under his Harvard affiliation.",Shared membership does not establish a meeting or correspondence.
B186-24,1903,1903,Named Pali Text Society specialist selects Lovejoy article,https://palitextsociety.org/wp-content/uploads/2024/12/JPTS_V_11.pdf,A_direct_signed_specialist_bibliography,"On page 44 Albert J. Edmunds explicitly lists Lovejoy's 1898 Buddhist technical-term article in his signed Buddhist bibliography.",Signed bibliographic selection does not establish argumentative citation or full-text agreement.
B186-25,1903,1903,Contemporary classification of Lovejoy alongside Lévi and Jacobi,https://palitextsociety.org/wp-content/uploads/2024/12/JPTS_V_11.pdf,A_direct_signed_specialist_bibliography,"Edmunds places Lovejoy in Comparative Religion Psychology and special criticism immediately after Sylvain Lévi and near Jacobi's Buddhism–Sāṃkhya–nidāna study.",Published classificatory proximity does not establish interpersonal influence.
B186-26,1892,1893,Formal authorship of Chinese Milindapañha study,https://api.digitale-sammlungen.de/iiif/image/v2/bsb11540831_00584/full/full/0/default.jpg,A_direct_contemporary_printed_proceedings,"The title on page 518 assigns Deux traductions chinoises du Milindapañho to Édouard Specht and separately labels the opening section Introduction par M. Sylvain Lévi.",The explicit division should not be flattened into undifferentiated coauthorship; no Lovejoy contact is established.
B186-27,1892,1893,Lévi initiates Specht investigation from Nanjio catalogue clue,https://api.digitale-sammlungen.de/iiif/image/v2/bsb11540831_00585/full/full/0/default.jpg,A_direct_contemporary_first_person_account,"On page 519 Lévi says that Nanjio catalogue number 1398 prompted him to communicate the Chinese Nagasena-sutra lead to Specht who immediately began investigating it.",Lévi's account establishes a research handoff but not Lovejoy's awareness of it.
B186-28,1892,1893,Specht acknowledges Lévi Pali comparison work,https://api.digitale-sammlungen.de/iiif/image/v2/bsb11540831_00586/full/full/0/default.jpg,A_direct_contemporary_first_person_account,"On page 520 Specht says Lévi drew his attention to the Chinese translation and compared the Pali text with the passages Specht translated.",The reciprocal acknowledgement defines collaboration but does not prove equal authorship or Lovejoy's use.
B186-29,1892,1893,Ryauon Fujishima supplies Paris Société Asiatique Buddhist source object,https://api.digitale-sammlungen.de/iiif/image/v2/bsb11540831_00587/full/full/0/default.jpg,A_direct_contemporary_material_provenance_statement,"Specht's page 521 note says an 1881 Japanese Ta-ts'ang-king reprinted both Chinese versions and that Ryauon Fujishima's generosity gave the Société Asiatique de Paris a copy.",The institutional copy does not establish that Lovejoy consulted it or knew Fujishima.
B186-30,1892,1893,Chinese Milindapañha recension treats soul rebirth and transmigration,https://api.digitale-sammlungen.de/iiif/image/v2/bsb11540831_00587/full/full/0/default.jpg,A_direct_contemporary_textual_comparison,"Specht states that the expanded Chinese recension's second book treats the soul and its faculties rebirth and transmigration while comparing three successive recensions.",The thematic overlap with Lovejoy's documented Milindapañha work is object-level only and proves no transmission.
B186-31,1892,1893,La Vallée Poussin reads Specht Lévi Milindapañha paper in London,https://api.digitale-sammlungen.de/iiif/image/v2/bsb11540831_00039/full/full/0/default.jpg,A_direct_contemporary_official_session_report,"The congress meeting report for Friday afternoon 9 September 1892 says La Vallée Poussin read the paper and calls it the joint production of Specht and Lévi.",The report records no ensuing discussion and does not establish either authors' presence or any Lovejoy connection.
B186-32,1902,1902,Lovejoy explicitly reuses his 1898 Buddhist analysis,https://archive.org/details/jstor-3153919/page/n4/mode/1up,A_direct_authorial_self_citation,"On printed page 442 Lovejoy directs readers from his Buddhist account of change volition and dependent origination to the writer's earlier paper on upādāna and upādisesa.",The self-citation establishes authorial continuity but not that Paris caused the broader 1902 formulation.
B186-33,1902,1902,Lovejoy printed self-miscitation of JAOS volume,https://archive.org/details/jstor-3153919/page/n4/mode/1up,A_direct_page_image_bibliographic_correction,"The footnote visibly prints Vol. XVIII although the explicitly titled 1898 paper appeared in JAOS volume XIX.",The wrong numeral does not create a second article and should not be silently attributed to OCR.
